attribute,utility_range,importance_pct
Price_Bucket,0.3773686268571743,20.170584265597125
Processor_Tier,0.8139285508846598,43.50497962303585
RAM_Bucket,0.3081912797599756,16.473012688131004
Storage_Bucket,0.19486726195052873,10.415774518709442
Warranty_Bucket,0.17653022955218742,9.43564890452659
