attribute,utility_range,importance_pct
Price_Bucket,0.2946675424225952,17.292321033954792
Processor_Tier,0.7088138584169186,41.59615508478093
RAM_Bucket,0.2694008230237351,15.809564501871812
Storage_Bucket,0.29573742621553556,17.3551062795385
Warranty_Bucket,0.13541731432867088,7.946853099853941
