attribute,utility_range,importance_pct
Price_Bucket,0.4160360554551045,27.87967794971128
Processor_Tier,0.4258165342215708,28.535093735501256
RAM_Bucket,0.14639949049142525,9.81061759764523
Storage_Bucket,0.3252272327253927,21.79433823095224
Warranty_Bucket,0.17877628706551907,11.98027248619
