attribute,utility_range,importance_pct
Price_Bucket,0.3794694611971975,21.75405581996935
Processor_Tier,0.5406987844796183,30.996938468380925
RAM_Bucket,0.3493305916712922,20.02626816625721
Storage_Bucket,0.2650267636508326,15.193335959253778
Warranty_Bucket,0.20983629793881864,12.02940158613874
