n_obs,r_squared,adj_r_squared,holdout_r2,holdout_rmse,holdout_mae
635,0.7199293654154777,0.7122126704593401,0.7070437869747144,0.2130248947599855,0.1741071603110679
